t_s,planner,case,r_m,s_m,w_m
0.0,two_body,as_planned,-30325.506,-66426.985,-0.000
29.9,two_body,as_planned,-30255.663,-64662.259,-0.014
59.8,two_body,as_planned,-30169.449,-62901.635,-0.029
89.7,two_body,as_planned,-30066.951,-61146.247,-0.046
119.6,two_body,as_planned,-29948.276,-59397.222,-0.068
149.5,two_body,as_planned,-29813.547,-57655.679,-0.097
179.4,two_body,as_planned,-29662.904,-55922.731,-0.135
209.3,two_body,as_planned,-29496.506,-54199.480,-0.184
239.2,two_body,as_planned,-29314.527,-52487.016,-0.247
269.1,two_body,as_planned,-29117.159,-50786.418,-0.326
299.0,two_body,as_planned,-28904.610,-49098.753,-0.423
328.9,two_body,as_planned,-28677.103,-47425.070,-0.539
358.8,two_body,as_planned,-28434.881,-45766.405,-0.677
388.7,two_body,as_planned,-28178.199,-44123.777,-0.838
418.6,two_body,as_planned,-27907.330,-42498.185,-1.024
448.5,two_body,as_planned,-27622.561,-40890.610,-1.237
478.4,two_body,as_planned,-27324.196,-39302.011,-1.479
508.3,two_body,as_planned,-27012.553,-37733.328,-1.750
538.2,two_body,as_planned,-26687.965,-36185.477,-2.051
568.1,two_body,as_planned,-26350.777,-34659.350,-2.385
598.0,two_body,as_planned,-26001.351,-33155.814,-2.753
627.9,two_body,as_planned,-25640.061,-31675.712,-3.154
657.8,two_body,as_planned,-25267.295,-30219.859,-3.590
687.7,two_body,as_planned,-24883.454,-28789.042,-4.063
717.6,two_body,as_planned,-24488.950,-27384.022,-4.571
747.5,two_body,as_planned,-24084.210,-26005.529,-5.116
777.4,two_body,as_planned,-23669.669,-24654.261,-5.699
807.3,two_body,as_planned,-23245.776,-23330.890,-6.318
837.2,two_body,as_planned,-22812.990,-22036.051,-6.975
867.1,two_body,as_planned,-22371.781,-20770.350,-7.669
897.0,two_body,as_planned,-21922.628,-19534.360,-8.400
926.9,two_body,as_planned,-21466.019,-18328.618,-9.168
956.8,two_body,as_planned,-21002.452,-17153.629,-9.972
986.7,two_body,as_planned,-20532.433,-16009.862,-10.811
1016.6,two_body,as_planned,-20056.476,-14897.751,-11.685
1046.5,two_body,as_planned,-19575.101,-13817.694,-12.594
1076.4,two_body,as_planned,-19088.838,-12770.053,-13.535
1106.3,two_body,as_planned,-18598.221,-11755.153,-14.508
1136.2,two_body,as_planned,-18103.788,-10773.282,-15.512
1166.1,two_body,as_planned,-17606.084,-9824.691,-16.545
1196.0,two_body,as_planned,-17105.660,-8909.594,-17.607
1225.9,two_body,as_planned,-16603.068,-8028.165,-18.694
1255.8,two_body,as_planned,-16098.864,-7180.541,-19.807
1285.7,two_body,as_planned,-15593.608,-6366.823,-20.942
1315.6,two_body,as_planned,-15087.860,-5587.070,-22.099
1345.5,two_body,as_planned,-14582.183,-4841.305,-23.275
1375.4,two_body,as_planned,-14077.139,-4129.512,-24.469
1405.3,two_body,as_planned,-13573.291,-3451.636,-25.678
1435.2,two_body,as_planned,-13071.202,-2807.586,-26.900
1465.1,two_body,as_planned,-12571.433,-2197.229,-28.133
1495.0,two_body,as_planned,-12074.544,-1620.396,-29.375
1524.9,two_body,as_planned,-11581.090,-1076.882,-30.623
1554.8,two_body,as_planned,-11091.625,-566.440,-31.876
1584.7,two_body,as_planned,-10606.699,-88.789,-33.131
1614.6,two_body,as_planned,-10126.857,356.390,-34.385
1644.5,two_body,as_planned,-9652.639,769.454,-35.636
1674.4,two_body,as_planned,-9184.578,1150.796,-36.882
1704.3,two_body,as_planned,-8723.203,1500.842,-38.120
1734.2,two_body,as_planned,-8269.035,1820.059,-39.348
1764.1,two_body,as_planned,-7822.585,2108.944,-40.563
1794.0,two_body,as_planned,-7384.359,2368.031,-41.763
1823.9,two_body,as_planned,-6954.852,2597.888,-42.945
1853.8,two_body,as_planned,-6534.551,2799.114,-44.108
1883.7,two_body,as_planned,-6123.931,2972.345,-45.248
1913.6,two_body,as_planned,-5723.459,3118.243,-46.363
1943.5,two_body,as_planned,-5333.588,3237.507,-47.451
1973.4,two_body,as_planned,-4954.761,3330.863,-48.510
2003.3,two_body,as_planned,-4587.408,3399.066,-49.537
2033.2,two_body,as_planned,-4231.947,3442.903,-50.530
2063.1,two_body,as_planned,-3888.781,3463.187,-51.488
2093.0,two_body,as_planned,-3558.301,3460.756,-52.407
2122.9,two_body,as_planned,-3240.883,3436.479,-53.286
2152.8,two_body,as_planned,-2936.888,3391.244,-54.122
2182.7,two_body,as_planned,-2646.663,3325.969,-54.915
2212.6,two_body,as_planned,-2370.537,3241.590,-55.662
2242.5,two_body,as_planned,-2108.827,3139.069,-56.360
2272.4,two_body,as_planned,-1861.830,3019.387,-57.009
2302.3,two_body,as_planned,-1629.827,2883.544,-57.608
2332.2,two_body,as_planned,-1413.084,2732.559,-58.153
2362.1,two_body,as_planned,-1211.848,2567.471,-58.644
2392.1,two_body,as_planned,-1026.348,2389.332,-59.079
2422.0,two_body,as_planned,-856.796,2199.211,-59.457
2451.9,two_body,as_planned,-703.385,1998.189,-59.777
2481.8,two_body,as_planned,-566.292,1787.363,-60.037
2511.7,two_body,as_planned,-445.672,1567.838,-60.237
2541.6,two_body,as_planned,-341.664,1340.730,-60.375
2571.5,two_body,as_planned,-254.386,1107.165,-60.450
2601.4,two_body,as_planned,-183.937,868.276,-60.462
2631.3,two_body,as_planned,-130.400,625.201,-60.409
0.0,j2,as_planned,-30325.506,-66426.985,-0.000
29.9,j2,as_planned,-30252.343,-64661.425,12.346
59.8,j2,as_planned,-30162.749,-62900.193,24.677
89.7,j2,as_planned,-30056.816,-61144.427,36.978
119.6,j2,as_planned,-29934.652,-59395.256,49.231
149.5,j2,as_planned,-29796.387,-57653.805,61.421
179.4,j2,as_planned,-29642.163,-55921.189,73.531
209.3,j2,as_planned,-29472.144,-54198.512,85.545
239.2,j2,as_planned,-29286.506,-52486.868,97.447
269.1,j2,as_planned,-29085.447,-50787.339,109.221
299.0,j2,as_planned,-28869.178,-49100.993,120.851
328.9,j2,as_planned,-28637.927,-47428.882,132.323
358.8,j2,as_planned,-28391.940,-45772.043,143.621
388.7,j2,as_planned,-28131.477,-44131.496,154.730
418.6,j2,as_planned,-27856.815,-42508.241,165.636
448.5,j2,as_planned,-27568.246,-40903.260,176.323
478.4,j2,as_planned,-27266.077,-39317.514,186.779
508.3,j2,as_planned,-26950.630,-37751.940,196.990
538.2,j2,as_planned,-26622.242,-36207.456,206.941
568.1,j2,as_planned,-26281.264,-34684.952,216.621
598.0,j2,as_planned,-25928.060,-33185.296,226.017
627.9,j2,as_planned,-25563.011,-31709.330,235.117
657.8,j2,as_planned,-25186.506,-30257.866,243.908
687.7,j2,as_planned,-24798.952,-28831.691,252.381
717.6,j2,as_planned,-24400.766,-27431.563,260.523
747.5,j2,as_planned,-23992.376,-26058.210,268.325
777.4,j2,as_planned,-23574.224,-24712.329,275.777
807.3,j2,as_planned,-23146.762,-23394.586,282.870
837.2,j2,as_planned,-22710.452,-22105.617,289.595
867.1,j2,as_planned,-22265.770,-20846.022,295.943
897.0,j2,as_planned,-21813.197,-19616.370,301.906
926.9,j2,as_planned,-21353.226,-18417.197,307.478
956.8,j2,as_planned,-20886.358,-17249.001,312.652
986.7,j2,as_planned,-20413.103,-16112.249,317.421
1016.6,j2,as_planned,-19933.980,-15007.368,321.780
1046.5,j2,as_planned,-19449.511,-13934.754,325.725
1076.4,j2,as_planned,-18960.230,-12894.761,329.249
1106.3,j2,as_planned,-18466.673,-11887.710,332.350
1136.2,j2,as_planned,-17969.384,-10913.885,335.024
1166.1,j2,as_planned,-17468.910,-9973.529,337.268
1196.0,j2,as_planned,-16965.805,-9066.849,339.080
1225.9,j2,as_planned,-16460.623,-8194.016,340.458
1255.8,j2,as_planned,-15953.926,-7355.160,341.402
1285.7,j2,as_planned,-15446.273,-6550.374,341.910
1315.6,j2,as_planned,-14938.230,-5779.710,341.982
1345.5,j2,as_planned,-14430.361,-5043.186,341.620
1375.4,j2,as_planned,-13923.231,-4340.777,340.824
1405.3,j2,as_planned,-13417.405,-3672.422,339.596
1435.2,j2,as_planned,-12913.449,-3038.021,337.937
1465.1,j2,as_planned,-12411.926,-2437.435,335.852
1495.0,j2,as_planned,-11913.397,-1870.487,333.342
1524.9,j2,as_planned,-11418.421,-1336.963,330.412
1554.8,j2,as_planned,-10927.552,-836.610,327.067
1584.7,j2,as_planned,-10441.342,-369.137,323.310
1614.6,j2,as_planned,-9960.338,65.783,319.147
1644.5,j2,as_planned,-9485.080,468.514,314.584
1674.4,j2,as_planned,-9016.105,839.458,309.627
1704.3,j2,as_planned,-8553.941,1179.051,304.282
1734.2,j2,as_planned,-8099.109,1487.765,298.558
1764.1,j2,as_planned,-7652.124,1766.109,292.461
1794.0,j2,as_planned,-7213.490,2014.625,285.999
1823.9,j2,as_planned,-6783.703,2233.887,279.182
1853.8,j2,as_planned,-6363.251,2424.507,272.017
1883.7,j2,as_planned,-5952.610,2587.125,264.515
1913.6,j2,as_planned,-5552.245,2722.416,256.684
1943.5,j2,as_planned,-5162.610,2831.085,248.535
1973.4,j2,as_planned,-4784.147,2913.867,240.078
2003.3,j2,as_planned,-4417.288,2971.527,231.324
2033.2,j2,as_planned,-4062.447,3004.859,222.283
2063.1,j2,as_planned,-3720.029,3014.685,212.968
2093.0,j2,as_planned,-3390.423,3001.853,203.389
2122.9,j2,as_planned,-3074.005,2967.238,193.559
2152.8,j2,as_planned,-2771.134,2911.739,183.490
2182.7,j2,as_planned,-2482.156,2836.280,173.194
2212.6,j2,as_planned,-2207.399,2741.808,162.684
2242.5,j2,as_planned,-1947.177,2629.290,151.973
2272.4,j2,as_planned,-1701.787,2499.716,141.075
2302.3,j2,as_planned,-1471.508,2354.095,130.002
2332.2,j2,as_planned,-1256.602,2193.453,118.767
2362.1,j2,as_planned,-1057.316,2018.836,107.386
2392.1,j2,as_planned,-873.877,1831.305,95.870
2422.0,j2,as_planned,-706.493,1631.935,84.236
2451.9,j2,as_planned,-555.357,1421.815,72.496
2481.8,j2,as_planned,-420.640,1202.048,60.664
2511.7,j2,as_planned,-302.497,973.746,48.756
2541.6,j2,as_planned,-201.062,738.033,36.785
2571.5,j2,as_planned,-116.452,496.040,24.766
2601.4,j2,as_planned,-48.763,248.906,12.713
2631.3,j2,as_planned,1.928,-2.224,0.642
0.0,geopotential,as_planned,-30325.506,-66426.985,-0.000
29.9,geopotential,as_planned,-30252.332,-64661.439,12.216
59.8,geopotential,as_planned,-30162.728,-62900.223,24.417
89.7,geopotential,as_planned,-30056.785,-61144.472,36.588
119.6,geopotential,as_planned,-29934.614,-59395.317,48.712
149.5,geopotential,as_planned,-29796.341,-57653.883,60.773
179.4,geopotential,as_planned,-29642.111,-55921.283,72.755
209.3,geopotential,as_planned,-29472.086,-54198.624,84.642
239.2,geopotential,as_planned,-29286.444,-52486.998,96.417
269.1,geopotential,as_planned,-29085.382,-50787.488,108.067
299.0,geopotential,as_planned,-28869.110,-49101.160,119.574
328.9,geopotential,as_planned,-28637.858,-47429.067,130.924
358.8,geopotential,as_planned,-28391.871,-45772.247,142.101
388.7,geopotential,as_planned,-28131.409,-44131.718,153.091
418.6,geopotential,as_planned,-27856.748,-42508.482,163.880
448.5,geopotential,as_planned,-27568.182,-40903.519,174.453
478.4,geopotential,as_planned,-27266.016,-39317.790,184.796
508.3,geopotential,as_planned,-26950.574,-37752.234,194.896
538.2,geopotential,as_planned,-26622.191,-36207.767,204.740
568.1,geopotential,as_planned,-26281.220,-34685.281,214.314
598.0,geopotential,as_planned,-25928.024,-33185.641,223.607
627.9,geopotential,as_planned,-25562.983,-31709.690,232.607
657.8,geopotential,as_planned,-25186.488,-30258.242,241.301
687.7,geopotential,as_planned,-24798.945,-28832.082,249.680
717.6,geopotential,as_planned,-24400.770,-27431.967,257.731
747.5,geopotential,as_planned,-23992.392,-26058.627,265.445
777.4,geopotential,as_planned,-23574.253,-24712.758,272.813
807.3,geopotential,as_planned,-23146.805,-23395.026,279.824
837.2,geopotential,as_planned,-22710.511,-22106.067,286.471
867.1,geopotential,as_planned,-22265.844,-20846.481,292.745
897.0,geopotential,as_planned,-21813.288,-19616.838,298.638
926.9,geopotential,as_planned,-21353.334,-18417.671,304.143
956.8,geopotential,as_planned,-20886.485,-17249.481,309.254
986.7,geopotential,as_planned,-20413.250,-16112.733,313.964
1016.6,geopotential,as_planned,-19934.146,-15007.856,318.268
1046.5,geopotential,as_planned,-19449.698,-13935.242,322.161
1076.4,geopotential,as_planned,-18960.438,-12895.250,325.639
1106.3,geopotential,as_planned,-18466.904,-11888.198,328.697
1136.2,geopotential,as_planned,-17969.637,-10914.369,331.332
1166.1,geopotential,as_planned,-17469.187,-9974.009,333.541
1196.0,geopotential,as_planned,-16966.105,-9067.324,335.323
1225.9,geopotential,as_planned,-16460.948,-8194.483,336.675
1255.8,geopotential,as_planned,-15954.276,-7355.617,337.597
1285.7,geopotential,as_planned,-15446.649,-6550.820,338.088
1315.6,geopotential,as_planned,-14938.632,-5780.144,338.148
1345.5,geopotential,as_planned,-14430.790,-5043.604,337.777
1375.4,geopotential,as_planned,-13923.687,-4341.179,336.976
1405.3,geopotential,as_planned,-13417.889,-3672.806,335.748
1435.2,geopotential,as_planned,-12913.961,-3038.385,334.095
1465.1,geopotential,as_planned,-12412.466,-2437.777,332.018
1495.0,geopotential,as_planned,-11913.966,-1870.805,329.522
1524.9,geopotential,as_planned,-11419.018,-1337.255,326.610
1554.8,geopotential,as_planned,-10928.179,-836.874,323.286
1584.7,geopotential,as_planned,-10441.998,-369.371,319.556
1614.6,geopotential,as_planned,-9961.024,65.581,315.424
1644.5,geopotential,as_planned,-9485.796,468.346,310.895
1674.4,geopotential,as_planned,-9016.851,839.325,305.977
1704.3,geopotential,as_planned,-8554.716,1178.956,300.676
1734.2,geopotential,as_planned,-8099.915,1487.711,294.999
1764.1,geopotential,as_planned,-7652.959,1766.096,288.954
1794.0,geopotential,as_planned,-7214.355,2014.656,282.548
1823.9,geopotential,as_planned,-6784.599,2233.964,275.790
1853.8,geopotential,as_planned,-6364.177,2424.632,268.689
1883.7,geopotential,as_planned,-5953.565,2587.300,261.253
1913.6,geopotential,as_planned,-5553.230,2722.643,253.493
1943.5,geopotential,as_planned,-5163.624,2831.366,245.418
1973.4,geopotential,as_planned,-4785.191,2914.204,237.039
2003.3,geopotential,as_planned,-4418.360,2971.922,228.366
2033.2,geopotential,as_planned,-4063.548,3005.314,219.411
2063.1,geopotential,as_planned,-3721.159,3015.201,210.183
2093.0,geopotential,as_planned,-3391.581,3002.433,200.696
2122.9,geopotential,as_planned,-3075.190,2967.883,190.960
2152.8,geopotential,as_planned,-2772.347,2912.452,180.988
2182.7,geopotential,as_planned,-2483.395,2837.062,170.793
2212.6,geopotential,as_planned,-2208.665,2742.660,160.386
2242.5,geopotential,as_planned,-1948.469,2630.215,149.780
2272.4,geopotential,as_planned,-1703.103,2500.716,138.990
2302.3,geopotential,as_planned,-1472.849,2355.170,128.027
2332.2,geopotential,as_planned,-1257.968,2194.607,116.905
2362.1,geopotential,as_planned,-1058.705,2020.069,105.638
2392.1,geopotential,as_planned,-875.288,1832.618,94.240
2422.0,geopotential,as_planned,-707.927,1633.331,82.724
2451.9,geopotential,as_planned,-556.812,1423.295,71.104
2481.8,geopotential,as_planned,-422.116,1203.613,59.394
2511.7,geopotential,as_planned,-303.993,975.398,47.609
2541.6,geopotential,as_planned,-202.577,739.772,35.763
2571.5,geopotential,as_planned,-117.985,497.868,23.870
2601.4,geopotential,as_planned,-50.314,250.825,11.944
2631.3,geopotential,as_planned,0.360,-0.214,-0.000
0.0,full,as_planned,-30325.506,-66426.985,-0.000
29.9,full,as_planned,-30252.327,-64661.443,12.216
59.8,full,as_planned,-30162.718,-62900.230,24.417
89.7,full,as_planned,-30056.771,-61144.483,36.588
119.6,full,as_planned,-29934.596,-59395.333,48.712
149.5,full,as_planned,-29796.319,-57653.903,60.774
179.4,full,as_planned,-29642.086,-55921.309,72.756
209.3,full,as_planned,-29472.057,-54198.655,84.642
239.2,full,as_planned,-29286.412,-52487.034,96.418
269.1,full,as_planned,-29085.347,-50787.529,108.068
299.0,full,as_planned,-28869.073,-49101.207,119.575
328.9,full,as_planned,-28637.818,-47429.120,130.925
358.8,full,as_planned,-28391.829,-45772.306,142.102
388.7,full,as_planned,-28131.365,-44131.783,153.093
418.6,full,as_planned,-27856.703,-42508.553,163.882
448.5,full,as_planned,-27568.135,-40903.597,174.455
478.4,full,as_planned,-27265.969,-39317.875,184.798
508.3,full,as_planned,-26950.525,-37752.325,194.898
538.2,full,as_planned,-26622.143,-36207.865,204.742
568.1,full,as_planned,-26281.171,-34685.385,214.316
598.0,full,as_planned,-25927.975,-33185.752,223.610
627.9,full,as_planned,-25562.934,-31709.808,232.609
657.8,full,as_planned,-25186.440,-30258.366,241.304
687.7,full,as_planned,-24798.898,-28832.212,249.682
717.6,full,as_planned,-24400.724,-27432.105,257.733
747.5,full,as_planned,-23992.348,-26058.770,265.448
777.4,full,as_planned,-23574.210,-24712.908,272.815
807.3,full,as_planned,-23146.764,-23395.182,279.827
837.2,full,as_planned,-22710.473,-22106.229,286.474
867.1,full,as_planned,-22265.808,-20846.649,292.747
897.0,full,as_planned,-21813.255,-19617.011,298.641
926.9,full,as_planned,-21353.304,-18417.850,304.146
956.8,full,as_planned,-20886.458,-17249.665,309.257
986.7,full,as_planned,-20413.227,-16112.922,313.967
1016.6,full,as_planned,-19934.127,-15008.049,318.271
1046.5,full,as_planned,-19449.683,-13935.440,322.164
1076.4,full,as_planned,-18960.427,-12895.452,325.642
1106.3,full,as_planned,-18466.897,-11888.404,328.700
1136.2,full,as_planned,-17969.635,-10914.579,331.335
1166.1,full,as_planned,-17469.190,-9974.222,333.544
1196.0,full,as_planned,-16966.113,-9067.540,335.326
1225.9,full,as_planned,-16460.962,-8194.701,336.679
1255.8,full,as_planned,-15954.295,-7355.838,337.601
1285.7,full,as_planned,-15446.674,-6551.042,338.091
1315.6,full,as_planned,-14938.663,-5780.367,338.151
1345.5,full,as_planned,-14430.827,-5043.829,337.780
1375.4,full,as_planned,-13923.730,-4341.405,336.980
1405.3,full,as_planned,-13417.939,-3673.032,335.752
1435.2,full,as_planned,-12914.018,-3038.610,334.098
1465.1,full,as_planned,-12412.530,-2438.001,332.022
1495.0,full,as_planned,-11914.037,-1871.028,329.525
1524.9,full,as_planned,-11419.096,-1337.477,326.613
1554.8,full,as_planned,-10928.264,-837.093,323.290
1584.7,full,as_planned,-10442.091,-369.588,319.559
1614.6,full,as_planned,-9961.124,65.368,315.427
1644.5,full,as_planned,-9485.904,468.136,310.898
1674.4,full,as_planned,-9016.966,839.120,305.980
1704.3,full,as_planned,-8554.840,1178.756,300.679
1734.2,full,as_planned,-8100.046,1487.515,295.002
1764.1,full,as_planned,-7653.098,1765.907,288.957
1794.0,full,as_planned,-7214.502,2014.473,282.551
1823.9,full,as_planned,-6784.754,2233.788,275.793
1853.8,full,as_planned,-6364.340,2424.463,268.691
1883.7,full,as_planned,-5953.737,2587.140,261.256
1913.6,full,as_planned,-5553.409,2722.491,253.496
1943.5,full,as_planned,-5163.812,2831.223,245.421
1973.4,full,as_planned,-4785.387,2914.071,237.042
2003.3,full,as_planned,-4418.564,2971.799,228.369
2033.2,full,as_planned,-4063.761,3005.202,219.413
2063.1,full,as_planned,-3721.379,3015.101,210.185
2093.0,full,as_planned,-3391.810,3002.344,200.698
2122.9,full,as_planned,-3075.427,2967.807,190.962
2152.8,full,as_planned,-2772.592,2912.388,180.990
2182.7,full,as_planned,-2483.648,2837.012,170.794
2212.6,full,as_planned,-2208.926,2742.625,160.387
2242.5,full,as_planned,-1948.737,2630.194,149.782
2272.4,full,as_planned,-1703.380,2500.709,138.991
2302.3,full,as_planned,-1473.133,2355.180,128.028
2332.2,full,as_planned,-1258.259,2194.632,116.906
2362.1,full,as_planned,-1059.004,2020.111,105.639
2392.1,full,as_planned,-875.595,1832.678,94.241
2422.0,full,as_planned,-708.241,1633.408,82.725
2451.9,full,as_planned,-557.133,1423.390,71.105
2481.8,full,as_planned,-422.444,1203.727,59.395
2511.7,full,as_planned,-304.327,975.531,47.610
2541.6,full,as_planned,-202.918,739.925,35.763
2571.5,full,as_planned,-118.333,498.041,23.870
2601.4,full,as_planned,-50.668,251.018,11.944
2631.3,full,as_planned,-0.000,0.000,-0.000
0.0,two_body,corrected,-30325.506,-66426.985,-0.000
29.9,two_body,corrected,-30255.663,-64662.259,-0.014
59.8,two_body,corrected,-30169.449,-62901.635,-0.029
89.7,two_body,corrected,-30066.951,-61146.247,-0.046
119.6,two_body,corrected,-29948.276,-59397.222,-0.068
149.5,two_body,corrected,-29813.547,-57655.679,-0.097
179.4,two_body,corrected,-29662.904,-55922.731,-0.135
209.3,two_body,corrected,-29496.506,-54199.480,-0.184
239.2,two_body,corrected,-29314.527,-52487.016,-0.247
269.1,two_body,corrected,-29117.159,-50786.418,-0.326
299.0,two_body,corrected,-28904.610,-49098.753,-0.423
328.9,two_body,corrected,-28677.103,-47425.070,-0.539
358.8,two_body,corrected,-28434.881,-45766.405,-0.677
388.7,two_body,corrected,-28178.199,-44123.777,-0.838
418.6,two_body,corrected,-27907.330,-42498.185,-1.024
448.5,two_body,corrected,-27622.561,-40890.610,-1.237
478.4,two_body,corrected,-27324.196,-39302.011,-1.479
508.3,two_body,corrected,-27012.553,-37733.328,-1.750
538.2,two_body,corrected,-26687.965,-36185.477,-2.051
568.1,two_body,corrected,-26350.777,-34659.350,-2.385
598.0,two_body,corrected,-26001.351,-33155.814,-2.753
627.9,two_body,corrected,-25640.061,-31675.712,-3.154
657.8,two_body,corrected,-25267.295,-30219.859,-3.590
687.7,two_body,corrected,-24883.454,-28789.042,-4.063
717.6,two_body,corrected,-24488.950,-27384.022,-4.571
747.5,two_body,corrected,-24084.210,-26005.529,-5.116
777.4,two_body,corrected,-23669.669,-24654.261,-5.699
807.3,two_body,corrected,-23245.776,-23330.890,-6.318
837.2,two_body,corrected,-22812.990,-22036.051,-6.975
867.1,two_body,corrected,-22371.781,-20770.350,-7.669
897.0,two_body,corrected,-21922.628,-19534.360,-8.400
926.9,two_body,corrected,-21466.019,-18328.618,-9.168
956.8,two_body,corrected,-21002.452,-17153.629,-9.972
986.7,two_body,corrected,-20532.433,-16009.862,-10.811
1016.6,two_body,corrected,-20056.476,-14897.751,-11.685
1046.5,two_body,corrected,-19575.101,-13817.694,-12.594
1076.4,two_body,corrected,-19088.838,-12770.053,-13.535
1106.3,two_body,corrected,-18598.221,-11755.153,-14.508
1136.2,two_body,corrected,-18103.788,-10773.282,-15.512
1166.1,two_body,corrected,-17606.084,-9824.691,-16.545
1196.0,two_body,corrected,-17105.660,-8909.594,-17.607
1225.9,two_body,corrected,-16603.068,-8028.165,-18.694
1255.8,two_body,corrected,-16098.864,-7180.541,-19.807
1285.7,two_body,corrected,-15593.608,-6366.823,-20.942
1315.6,two_body,corrected,-15087.860,-5587.070,-22.099
1345.5,two_body,corrected,-14569.649,-4846.259,-21.223
1375.4,two_body,corrected,-14052.391,-4140.253,-20.367
1405.3,two_body,corrected,-13536.662,-3468.976,-19.531
1435.2,two_body,corrected,-13023.038,-2832.313,-18.716
1465.1,two_body,corrected,-12512.093,-2230.110,-17.922
1495.0,two_body,corrected,-12004.399,-1662.171,-17.149
1524.9,two_body,corrected,-11500.525,-1128.266,-16.396
1554.8,two_body,corrected,-11001.035,-628.122,-15.664
1584.7,two_body,corrected,-10506.492,-161.432,-14.952
1614.6,two_body,corrected,-10017.450,272.153,-14.262
1644.5,two_body,corrected,-9534.460,673.016,-13.591
1674.4,two_body,corrected,-9058.067,1041.580,-12.940
1704.3,two_body,corrected,-8588.807,1378.303,-12.309
1734.2,two_body,corrected,-8127.209,1683.679,-11.698
1764.1,two_body,corrected,-7673.797,1958.238,-11.105
1794.0,two_body,corrected,-7229.081,2202.546,-10.532
1823.9,two_body,corrected,-6793.565,2417.201,-9.976
1853.8,two_body,corrected,-6367.742,2602.838,-9.438
1883.7,two_body,corrected,-5952.095,2760.123,-8.917
1913.6,two_body,corrected,-5547.094,2889.753,-8.414
1943.5,two_body,corrected,-5153.200,2992.460,-7.926
1973.4,two_body,corrected,-4770.859,3069.004,-7.455
2003.3,two_body,corrected,-4400.506,3120.177,-6.998
2033.2,two_body,corrected,-4042.562,3146.798,-6.557
2063.1,two_body,corrected,-3697.432,3149.715,-6.129
2093.0,two_body,corrected,-3365.512,3129.803,-5.715
2122.9,two_body,corrected,-3047.176,3087.964,-5.315
2152.8,two_body,corrected,-2742.790,3025.125,-4.927
2182.7,two_body,corrected,-2452.698,2942.235,-4.551
2212.6,two_body,corrected,-2177.231,2840.269,-4.186
2242.5,two_body,corrected,-1916.704,2720.222,-3.833
2272.4,two_body,corrected,-1671.414,2583.112,-3.490
2302.3,two_body,corrected,-1441.640,2429.973,-3.157
2332.2,two_body,corrected,-1227.644,2261.861,-2.833
2362.1,two_body,corrected,-1029.671,2079.848,-2.518
2392.1,two_body,corrected,-847.946,1885.022,-2.211
2422.0,two_body,corrected,-682.677,1678.485,-1.913
2451.9,two_body,corrected,-534.053,1461.354,-1.621
2481.8,two_body,corrected,-402.243,1234.758,-1.337
2511.7,two_body,corrected,-287.398,999.837,-1.059
2541.6,two_body,corrected,-189.650,757.739,-0.786
2571.5,two_body,corrected,-109.109,509.623,-0.520
2601.4,two_body,corrected,-45.868,256.653,-0.258
2631.3,two_body,corrected,-0.000,0.000,-0.000
