burn,model_id,dv_m_s,dv_r_m_s,dv_s_m_s,dv_w_m_s,error_m_s
outbound_correction_burn_3,earth,48.0668,8.8828,-47.2388,-0.1031,49.7751
outbound_correction_burn_3,earth_j2,48.0668,8.8829,-47.2388,-0.1032,49.7751
outbound_correction_burn_3,earth_moon,2.7503,-0.2057,1.1062,2.5096,0.5247
outbound_correction_burn_3,earth_moon_sun,2.9973,-0.1932,1.6589,2.4889,0.0512
outbound_correction_burn_3,nasa,3.0173,-0.1966,1.6303,2.5313,
return_correction_burn_1,earth,4.1467,1.3550,3.6012,1.5461,4.5300
return_correction_burn_1,earth_j2,4.1467,1.3550,3.6012,1.5461,4.5300
return_correction_burn_1,earth_moon,0.6400,0.0328,-0.4098,-0.4904,0.1689
return_correction_burn_1,earth_moon_sun,0.5029,0.0296,-0.2482,-0.4364,0.0022
return_correction_burn_1,nasa,0.5051,0.0296,-0.2492,-0.4384,
return_correction_burn_2,earth,1.4465,0.2148,-0.6373,1.2806,0.9448
return_correction_burn_2,earth_j2,1.4447,0.2148,-0.6367,1.2789,0.9445
return_correction_burn_2,earth_moon,1.7687,-0.3042,-1.5366,0.8215,0.1984
return_correction_burn_2,earth_moon_sun,1.5954,-0.2450,-1.3147,0.8699,0.0396
return_correction_burn_2,nasa,1.6257,-0.2411,-1.3540,0.8669,
return_correction_burn_3,earth,1.2745,0.2510,1.0477,-0.6810,0.1173
return_correction_burn_3,earth_j2,1.3050,0.2502,1.0430,-0.7435,0.0687
return_correction_burn_3,earth_moon,1.2831,0.1852,1.0006,-0.7816,0.0206
return_correction_burn_3,earth_moon_sun,1.2928,0.2002,1.0117,-0.7796,0.0030
return_correction_burn_3,nasa,1.2958,0.2010,1.0139,-0.7815,
