model_id,kind,station,start_s,end_s
nasa,dsn_contact,Goldstone,9300.0,28380.0
nasa,dsn_contact,Goldstone,80400.0,102060.0
nasa,dsn_contact,Goldstone,155760.0,202860.0
nasa,dsn_contact,Goldstone,243780.0,290520.0
nasa,dsn_contact,Goldstone,330780.0,377460.0
nasa,dsn_contact,Goldstone,417360.0,463500.0
nasa,dsn_contact,Goldstone,503460.0,550140.0
nasa,dsn_contact,Goldstone,590400.0,637140.0
nasa,dsn_contact,Goldstone,678060.0,724920.0
nasa,dsn_contact,Madrid,46500.0,100260.0
nasa,dsn_contact,Madrid,126540.0,175800.0
nasa,dsn_contact,Madrid,215640.0,264060.0
nasa,dsn_contact,Madrid,302820.0,351120.0
nasa,dsn_contact,Madrid,389520.0,437400.0
nasa,dsn_contact,Madrid,475560.0,523800.0
nasa,dsn_contact,Madrid,562380.0,610620.0
nasa,dsn_contact,Madrid,649740.0,698040.0
nasa,dsn_contact,Madrid,739260.0,781080.0
nasa,dsn_contact,Canberra,7080.0,10200.0
nasa,dsn_contact,Canberra,14520.0,42120.0
nasa,dsn_contact,Canberra,106200.0,122460.0
nasa,dsn_contact,Canberra,190680.0,214200.0
nasa,dsn_contact,Canberra,278160.0,301740.0
nasa,dsn_contact,Canberra,364980.0,388620.0
nasa,dsn_contact,Canberra,451020.0,474660.0
nasa,dsn_contact,Canberra,537660.0,561360.0
nasa,dsn_contact,Canberra,624720.0,648480.0
nasa,dsn_contact,Canberra,712800.0,736980.0
nasa,lunar_blackout,,432240.0,434700.0
kepler,dsn_contact,Goldstone,155760.0,202860.0
kepler,dsn_contact,Goldstone,243780.0,290580.0
kepler,dsn_contact,Goldstone,330900.0,377640.0
kepler,dsn_contact,Goldstone,417720.0,464400.0
kepler,dsn_contact,Goldstone,504420.0,551100.0
kepler,dsn_contact,Goldstone,591120.0,637740.0
kepler,dsn_contact,Goldstone,677760.0,724320.0
kepler,dsn_contact,Goldstone,764460.0,803700.0
kepler,dsn_contact,Madrid,126540.0,175800.0
kepler,dsn_contact,Madrid,215640.0,264060.0
kepler,dsn_contact,Madrid,302880.0,351240.0
kepler,dsn_contact,Madrid,389760.0,438060.0
kepler,dsn_contact,Madrid,476520.0,524760.0
kepler,dsn_contact,Madrid,563160.0,611400.0
kepler,dsn_contact,Madrid,649860.0,698040.0
kepler,dsn_contact,Madrid,736500.0,784620.0
kepler,dsn_contact,Canberra,108180.0,122460.0
kepler,dsn_contact,Canberra,190680.0,214260.0
kepler,dsn_contact,Canberra,278160.0,301800.0
kepler,dsn_contact,Canberra,365100.0,388860.0
kepler,dsn_contact,Canberra,451860.0,475680.0
kepler,dsn_contact,Canberra,538440.0,562380.0
kepler,dsn_contact,Canberra,625080.0,649080.0
kepler,dsn_contact,Canberra,711660.0,735780.0
kepler,dsn_contact,Canberra,798240.0,803700.0
kepler,lunar_blackout,,449880.0,454080.0
j2,dsn_contact,Goldstone,155760.0,202860.0
j2,dsn_contact,Goldstone,243780.0,290580.0
j2,dsn_contact,Goldstone,330900.0,377640.0
j2,dsn_contact,Goldstone,417720.0,464400.0
j2,dsn_contact,Goldstone,504420.0,551100.0
j2,dsn_contact,Goldstone,591120.0,637740.0
j2,dsn_contact,Goldstone,677760.0,724320.0
j2,dsn_contact,Goldstone,764460.0,803700.0
j2,dsn_contact,Madrid,126540.0,175800.0
j2,dsn_contact,Madrid,215640.0,264060.0
j2,dsn_contact,Madrid,302880.0,351240.0
j2,dsn_contact,Madrid,389760.0,438060.0
j2,dsn_contact,Madrid,476520.0,524760.0
j2,dsn_contact,Madrid,563160.0,611400.0
j2,dsn_contact,Madrid,649860.0,698040.0
j2,dsn_contact,Madrid,736500.0,784620.0
j2,dsn_contact,Canberra,108180.0,122460.0
j2,dsn_contact,Canberra,190680.0,214260.0
j2,dsn_contact,Canberra,278160.0,301800.0
j2,dsn_contact,Canberra,365100.0,388860.0
j2,dsn_contact,Canberra,451860.0,475680.0
j2,dsn_contact,Canberra,538500.0,562380.0
j2,dsn_contact,Canberra,625080.0,649080.0
j2,dsn_contact,Canberra,711660.0,735780.0
j2,dsn_contact,Canberra,798240.0,803700.0
j2,lunar_blackout,,449940.0,454140.0
moon,dsn_contact,Goldstone,155760.0,202860.0
moon,dsn_contact,Goldstone,243780.0,290520.0
moon,dsn_contact,Goldstone,330780.0,377460.0
moon,dsn_contact,Goldstone,417360.0,463500.0
moon,dsn_contact,Goldstone,503460.0,550080.0
moon,dsn_contact,Goldstone,590340.0,636960.0
moon,dsn_contact,Goldstone,677820.0,724560.0
moon,dsn_contact,Goldstone,769380.0,788700.0
moon,dsn_contact,Madrid,126540.0,175800.0
moon,dsn_contact,Madrid,215640.0,264060.0
moon,dsn_contact,Madrid,302820.0,351120.0
moon,dsn_contact,Madrid,389580.0,437460.0
moon,dsn_contact,Madrid,475560.0,523740.0
moon,dsn_contact,Madrid,562320.0,610560.0
moon,dsn_contact,Madrid,649500.0,697800.0
moon,dsn_contact,Madrid,738420.0,788040.0
moon,dsn_contact,Canberra,108180.0,122460.0
moon,dsn_contact,Canberra,190680.0,214200.0
moon,dsn_contact,Canberra,278160.0,301740.0
moon,dsn_contact,Canberra,364980.0,388620.0
moon,dsn_contact,Canberra,451020.0,474660.0
moon,dsn_contact,Canberra,537600.0,561300.0
moon,dsn_contact,Canberra,624600.0,648300.0
moon,dsn_contact,Canberra,712440.0,736380.0
moon,lunar_blackout,,432660.0,435180.0
moon_sun,dsn_contact,Goldstone,155760.0,202860.0
moon_sun,dsn_contact,Goldstone,243780.0,290520.0
moon_sun,dsn_contact,Goldstone,330780.0,377460.0
moon_sun,dsn_contact,Goldstone,417360.0,463500.0
moon_sun,dsn_contact,Goldstone,503460.0,550140.0
moon_sun,dsn_contact,Goldstone,590400.0,637140.0
moon_sun,dsn_contact,Goldstone,678060.0,724920.0
moon_sun,dsn_contact,Madrid,126540.0,175800.0
moon_sun,dsn_contact,Madrid,215640.0,264060.0
moon_sun,dsn_contact,Madrid,302820.0,351120.0
moon_sun,dsn_contact,Madrid,389520.0,437400.0
moon_sun,dsn_contact,Madrid,475560.0,523800.0
moon_sun,dsn_contact,Madrid,562380.0,610620.0
moon_sun,dsn_contact,Madrid,649740.0,698040.0
moon_sun,dsn_contact,Madrid,739260.0,781080.0
moon_sun,dsn_contact,Canberra,108180.0,122460.0
moon_sun,dsn_contact,Canberra,190680.0,214200.0
moon_sun,dsn_contact,Canberra,278160.0,301740.0
moon_sun,dsn_contact,Canberra,364980.0,388620.0
moon_sun,dsn_contact,Canberra,451020.0,474660.0
moon_sun,dsn_contact,Canberra,537660.0,561360.0
moon_sun,dsn_contact,Canberra,624720.0,648480.0
moon_sun,dsn_contact,Canberra,712800.0,736980.0
moon_sun,lunar_blackout,,432240.0,434700.0
