epoch_utc,epoch_tdb,cluster_start_tdb,cluster_end_tdb,dv_m_s,delivered_m_s,dv_r_m_s,dv_s_m_s,dv_w_m_s,central,kind,closure_km,closure_s,n_intervals,file_join,matched_event,match_offset_s
2026-04-02T01:59:18.139,2026-04-02T02:00:27.324,2026-04-02T02:00:00,2026-04-02T02:11:00,1.0991,1.0957,0.9402,-0.5395,-0.1815,Earth,burn,0.0015,1.3,9,,,
2026-04-02T03:08:06.969,2026-04-02T03:09:16.155,2026-04-02T02:58:00,2026-04-02T03:14:00,1.9901,2.0052,-1.2505,1.5470,-0.0603,Earth,burn,0.0380,19.1,12,,,
2026-04-02T03:25:40.555,2026-04-02T03:26:49.741,2026-04-02T03:21:00,2026-04-02T03:31:00,14.9462,14.9234,-9.6567,11.3744,-0.8725,Earth,burn,1.6310,109.1,6,Orion_OEM_20260402_1414.V0.1,Orion upper stage separation burn,40.6
2026-04-02T09:45:50.814,2026-04-02T09:47:00.000,2026-04-02T09:47:00,2026-04-02T10:13:00,0.6277,0.6448,-0.5855,0.2164,0.0663,Earth,discontinuity,12.5723,20028.8,22,,,
2026-04-02T12:08:13.591,2026-04-02T12:09:22.777,2026-04-02T12:00:00,2026-04-02T12:20:00,6.4377,6.4121,-1.8295,5.1918,3.3380,Earth,burn,0.0000,0.0,16,,Perigee raise burn,2293.6
2026-04-02T12:35:50.814,2026-04-02T12:37:00.000,2026-04-02T12:37:00,2026-04-02T12:51:00,0.0122,0.0245,0.0118,-0.0026,-0.0017,Earth,discontinuity,0.0841,6911.6,10,Orion_OEM_20260403_0318.V0.3,,
2026-04-02T18:32:50.814,2026-04-02T18:34:00.000,2026-04-02T18:04:00,2026-04-02T18:34:00,0.0610,0.0352,0.0251,0.0296,-0.0470,Earth,discontinuity,2.3692,38863.7,26,,,
2026-04-02T21:01:50.814,2026-04-02T21:03:00.000,2026-04-02T21:03:00,2026-04-02T21:20:00,0.0366,0.0346,0.0174,0.0108,-0.0303,Earth,discontinuity,0.1388,3796.0,13,,,
2026-04-02T22:01:50.814,2026-04-02T22:03:00.000,2026-04-02T22:03:00,2026-04-02T22:20:00,0.0914,0.0927,0.0356,0.0648,-0.0537,Earth,discontinuity,0.1156,1264.8,13,,,
2026-04-02T23:52:48.599,2026-04-02T23:53:57.785,2026-04-02T23:39:00,2026-04-03T00:01:00,385.5479,388.6465,72.4850,359.2055,-119.8521,Earth,burn,3.0304,7.9,18,,Start Translunar Injection burn (5m 55s),51.1
2026-04-02T23:57:50.814,2026-04-02T23:59:00.000,2026-04-02T23:59:00,2026-04-03T00:06:00,0.6782,0.5606,-0.2972,0.2620,0.5504,Earth,discontinuity,0.8629,1272.5,3,EPH_OEM_20260403_1626.V0.1,,
2026-04-03T15:16:50.814,2026-04-03T15:18:00.000,2026-04-03T15:18:00,2026-04-03T15:42:00,0.0385,0.0480,-0.0131,0.0157,0.0326,Earth,discontinuity,1.2873,33452.3,20,,,
2026-04-03T17:38:50.814,2026-04-03T17:40:00.000,2026-04-03T17:34:00,2026-04-03T17:40:00,0.0129,0.0204,-0.0121,-0.0037,0.0025,Earth,discontinuity,0.1341,10424.3,2,NoBurn_Orion_OEM_20260404_2046.V0.1,,
2026-04-04T09:20:50.814,2026-04-04T09:22:00.000,2026-04-04T09:22:00,2026-04-04T09:46:00,0.1218,0.1280,-0.1167,0.0186,-0.0294,Earth,discontinuity,4.6164,37913.7,20,,,
2026-04-04T11:56:50.814,2026-04-04T11:58:00.000,2026-04-04T11:58:00,2026-04-04T12:03:00,0.0396,0.0395,0.0078,0.0362,0.0141,Earth,discontinuity,0.8934,22532.0,1,traj_em2_260404-260406_260405_od011v1,,
2026-04-05T01:23:59.919,2026-04-05T01:25:09.104,2026-04-05T01:23:00,2026-04-05T01:28:00,0.1644,0.1645,0.1451,-0.0712,0.0299,Earth,burn,0.0000,0.2,1,,,
2026-04-05T01:39:59.986,2026-04-05T01:41:09.172,2026-04-05T01:39:00,2026-04-05T01:44:00,0.1200,0.1204,0.0920,-0.0725,0.0262,Earth,burn,0.0000,0.3,1,,,
2026-04-05T02:41:50.814,2026-04-05T02:43:00.000,2026-04-05T02:43:00,2026-04-05T02:48:00,1.7312,1.7311,-0.0921,-1.4066,-1.0049,Earth,discontinuity,8.2434,4761.8,1,Orion_OEM_20260405_1125.V0.1,,
2026-04-05T04:17:50.814,2026-04-05T04:19:00.000,2026-04-05T04:19:00,2026-04-05T04:39:00,1.7892,1.7890,0.1003,1.5651,0.8611,Earth,discontinuity,17.6152,9845.5,16,Orion_OEM_20260406_1028.V0.1,,
2026-04-05T14:44:50.814,2026-04-05T14:46:00.000,2026-04-05T14:46:00,2026-04-05T15:16:00,1.8053,1.8048,-0.0216,-1.5178,-0.9773,Earth,discontinuity,86.1825,47738.6,26,,,
2026-04-05T22:32:50.814,2026-04-05T22:34:00.000,2026-04-05T22:34:00,2026-04-05T22:55:00,0.1877,0.2078,0.0594,0.1272,-0.1246,Earth,discontinuity,0.5341,2846.0,17,,,
2026-04-06T00:01:50.814,2026-04-06T00:03:00.000,2026-04-05T23:58:00,2026-04-06T00:03:00,0.0457,0.0457,0.0173,-0.0415,-0.0085,Earth,discontinuity,3.7928,82987.5,1,JPL_od014v1_260406_07_dco096_0515,,
2026-04-06T03:03:04.437,2026-04-06T03:04:13.623,2026-04-06T03:02:00,2026-04-06T03:07:00,3.0172,3.0176,-0.1966,1.6303,2.5313,Earth,burn,0.0000,0.0,1,,Begin trajectory correction burn #3 (OTC-3),-21.6
2026-04-06T17:32:50.814,2026-04-06T17:34:00.000,2026-04-06T17:34:00,2026-04-06T17:39:00,0.2250,0.2246,-0.0818,0.0105,-0.2094,Moon,discontinuity,12.2397,54389.3,1,Orion_OEM_20260408_0223.V0.1,,
2026-04-07T09:44:50.814,2026-04-07T09:46:00.000,2026-04-07T09:46:00,2026-04-07T10:17:00,0.1485,0.1491,-0.1288,0.0325,-0.0664,Moon,discontinuity,6.7991,45779.2,27,,,
2026-04-07T18:50:50.814,2026-04-07T18:52:00.000,2026-04-07T18:52:00,2026-04-07T19:10:00,0.0565,0.0623,0.0220,0.0517,-0.0060,Earth,discontinuity,0.4445,7863.6,14,,,
2026-04-07T21:19:50.814,2026-04-07T21:21:00.000,2026-04-07T21:21:00,2026-04-07T21:38:00,0.0106,0.0109,0.0046,0.0065,-0.0070,Earth,discontinuity,0.0668,6291.6,13,,,
2026-04-08T00:03:28.386,2026-04-08T00:04:37.572,2026-04-08T00:02:00,2026-04-08T00:15:00,0.5051,0.4935,0.0296,-0.2492,-0.4384,Earth,burn,0.0002,0.4,9,,"Return trajectory correction burn #1 Total delta-v = 0.49 m/s, length 15 sec.",20.9
2026-04-08T04:35:50.814,2026-04-08T04:37:00.000,2026-04-08T04:37:00,2026-04-08T04:42:00,0.1042,0.1042,-0.0165,0.0829,-0.0609,Earth,discontinuity,3.8925,37371.5,1,Orion_OEM_20260408_1023.V0.1,,
2026-04-08T14:27:50.814,2026-04-08T14:29:00.000,2026-04-08T14:29:00,2026-04-08T14:34:00,0.1023,0.1023,0.0068,0.1021,0.0021,Earth,discontinuity,3.1920,31190.0,1,Orion_OEM_20260409_0312.V0.1,,
2026-04-09T09:21:50.814,2026-04-09T09:23:00.000,2026-04-09T09:23:00,2026-04-09T09:28:00,0.2309,0.2309,0.0714,0.1978,-0.0954,Earth,discontinuity,11.9621,51799.4,1,Orion_OEM_20260410_0411.V0.1,,
2026-04-09T19:43:50.814,2026-04-09T19:45:00.000,2026-04-09T19:45:00,2026-04-09T20:15:00,0.1853,0.1914,0.0124,0.1660,-0.0813,Earth,discontinuity,4.2006,22673.0,26,,,
2026-04-09T23:24:50.814,2026-04-09T23:26:00.000,2026-04-09T23:26:00,2026-04-09T23:50:00,0.0387,0.0392,-0.0273,0.0065,-0.0267,Earth,discontinuity,0.1729,4463.9,20,,,
2026-04-10T02:53:33.078,2026-04-10T02:54:42.263,2026-04-10T02:43:00,2026-04-10T02:59:00,1.6257,1.6143,-0.2411,-1.3540,0.8669,Earth,burn,0.0009,0.5,12,,"Return trajectory correction burn #2 Total delta-v = 1.62 m/s, length 9 sec.",28.6
2026-04-10T03:02:50.814,2026-04-10T03:04:00.000,2026-04-10T03:04:00,2026-04-10T03:22:00,0.0404,0.0647,-0.0183,0.0285,-0.0220,Earth,discontinuity,0.1800,4457.4,14,,,
2026-04-10T06:26:50.814,2026-04-10T06:28:00.000,2026-04-10T06:23:00,2026-04-10T06:28:00,0.0366,0.0366,0.0080,-0.0003,0.0357,Earth,discontinuity,0.6351,17364.1,1,Orion_OEM_20260410_0908.V0.1,,
2026-04-10T18:53:38.540,2026-04-10T18:54:47.725,2026-04-10T18:49:00,2026-04-10T19:05:00,1.2958,1.3203,0.2010,1.0139,-0.7815,Earth,burn,0.0005,0.4,12,,"Return trajectory correction burn #3 Total delta-v = 1.28 m/s, length 8 sec.",34.5
2026-04-10T23:37:17.257,2026-04-10T23:38:26.443,2026-04-10T23:24:00,2026-04-10T23:54:00,2.7064,2.7851,0.8758,2.5608,-0.0107,Earth,burn,0.1741,64.3,28,,"Crew module raise burn (length 19 sec., total delta-v= 3.0 m/s)",67.8
