name,met,utc,tdb,delta_v_m_s,duration_s,cancelled,in_span,is_burn
"Launch April 1, 22:35:12 UTC",0/00:00,2026-04-01T22:35:12,2026-04-01T22:36:21.185,,,0,0,0
Orion deploys solar arrays in Earth orbit,0/00:20,2026-04-01T22:55:00,2026-04-01T22:56:09.185,,,0,0,0
Perigee raise maneuver (2223 x 185 km),0/00:49:50,2026-04-01T23:25:02,2026-04-01T23:26:11.185,,,0,0,1
Apogee raise maneuver (70377 km),0/01:47:57,2026-04-02T00:23:09,2026-04-02T00:24:18.185,,,0,0,1
Orion/ICPS separation,0/03:24:18,2026-04-02T01:59:30,2026-04-02T02:00:39.185,,,0,1,0
Orion upper stage separation burn,0/04:50,2026-04-02T03:25:00,2026-04-02T03:26:09.185,,,0,1,1
ICPS disposal burn for Pacific splashdown,0/05:00,2026-04-02T03:35:00,2026-04-02T03:36:09.185,,,0,1,0
Cubesats deploy at one minute intervals,0/05:04,2026-04-02T03:39:00,2026-04-02T03:40:09.185,,,0,1,0
Perigee raise burn,0/12:55,2026-04-02T11:30:00,2026-04-02T11:31:09.185,,,0,1,1
Start Translunar Injection burn (5m 55s),1/01:14,2026-04-02T23:49:00,2026-04-02T23:50:09.185,,355.0,0,1,1
End TLI (delta-v= 388 m/s),1/01:19,2026-04-02T23:54:00,2026-04-02T23:55:09.185,388.0,,0,1,0
Earth shadow entrance,1/01:35,2026-04-03T00:10:00,2026-04-03T00:11:09.185,,,0,1,0
Earth shadow exit,1/02:41,2026-04-03T01:17:00,2026-04-03T01:18:09.185,,,0,1,0
[CANCELLED] Trajectory correction burn #1,2/00:08,2026-04-03T22:43:00,2026-04-03T22:44:09.185,,,1,1,1
[CANCELLED] Trajectory correction burn #2,3/01:08,2026-04-04T23:43:00,2026-04-04T23:44:09.185,,,1,1,1
Begin trajectory correction burn #3 (OTC-3),4/04:28:05,2026-04-06T03:03:17,2026-04-06T03:04:26.185,,,0,1,1
"End OTC-3 (length 18 sec, delta-v 3 m/s)",4/04:28:23,2026-04-06T03:03:35,2026-04-06T03:04:44.185,3.0,18.0,0,1,0
"Orion enters lunar SOI, 62800 km from Moon center (Hill sphere definition)",4/07:03:32,2026-04-06T05:38:44,2026-04-06T05:39:53.185,,,0,1,0
Closest approach to Moon center (8282 km),5/00:26,2026-04-06T23:01:00,2026-04-06T23:02:09.185,,,0,1,0
Maximum distance Earth center (413146.2 km),5/00:30,2026-04-06T23:05:00,2026-04-06T23:06:09.185,,,0,1,0
"Orion exits lunar SOI, 62800 km from Moon center (Hill sphere definition)",5/17:47,2026-04-07T16:23:00,2026-04-07T16:24:09.185,,,0,1,0
"Return trajectory correction burn #1 Total delta-v = 0.49 m/s, length 15 sec.",6/01:28,2026-04-08T00:03:00,2026-04-08T00:04:09.185,0.49,15.0,0,1,1
[CANCELLED] Manual piloting demonstration Oxidizer tank pressure characterization,7/04:20,2026-04-09T02:55:00,2026-04-09T02:56:09.185,,,1,1,0
"Return trajectory correction burn #2 Total delta-v = 1.62 m/s, length 9 sec.",8/04:18,2026-04-10T02:53:00,2026-04-10T02:54:09.185,1.62,9.0,0,1,1
"Return trajectory correction burn #3 Total delta-v = 1.28 m/s, length 8 sec.",8/20:18,2026-04-10T18:53:00,2026-04-10T18:54:09.185,1.28,8.0,0,1,1
Orion 2 crew and service module separation,9/00:58,2026-04-10T23:33:00,2026-04-10T23:34:09.185,,,0,1,0
"Crew module raise burn (length 19 sec., total delta-v= 3.0 m/s)",9/01:01,2026-04-10T23:36:00,2026-04-10T23:37:09.185,3.0,19.0,0,1,1
"Entry interface (122 km above Earth) Events by altitude: 11 km : Forward bay cover deploys 7.6 km: Droque parachute deploys 2.9 km: Pilot parachutes deploy @ 2.9 km, pulling out 3 main parachutes",9/01:18,2026-04-10T23:53:00,2026-04-10T23:54:09.185,,,0,0,0
"Splashdown, Pacific Ocean, off Baja Cali. 2.5 hours before sunset",9/01:32,2026-04-11T00:07:00,2026-04-11T00:08:09.185,,,0,0,0
Orion 2 final power down,9/01:47,2026-04-11T00:22:00,2026-04-11T00:23:09.185,,,0,0,0
Astronaut egress complete,9/02:17,2026-04-11T00:52:00,2026-04-11T00:53:09.185,,,0,0,0
